_step,val/IoU_class_4_epoch,val/IoU_class_2_epoch,val/IoU_class_12_epoch,val/mIoU_epoch,val/IoU_class_6_epoch,val/loss_epoch,val/IoU_class_1_epoch,val/IoU_class_0_epoch,val/IoU_class_5_epoch,val/IoU_class_10_epoch,val/IoU_class_7_epoch,val/IoU_class_8_epoch,val/IoU_class_9_epoch,val/IoU_class_11_epoch,val/IoU_class_3_epoch,run_name
320,0.015187558718025684,0.25105735659599304,0.22160935401916504,0.45086583495140076,0.5339536666870117,0.7274955734610558,0.7577494382858276,0.8552556037902832,0.20228490233421326,0.2955027222633362,0.881127119064331,0.5152350664138794,0.7618134617805481,0.370653361082077,0.1998256891965866,more_decoder_channels_20251130_220352
643,0.0604868121445179,0.3230980336666107,0.3138039708137512,0.5084625482559204,0.6480075716972351,0.6879765959456563,0.7775589823722839,0.869595468044281,0.2372485101222992,0.4208560585975647,0.9069620370864868,0.5814473032951355,0.7974185943603516,0.4692119061946869,0.20431742072105408,more_decoder_channels_20251130_220352
966,0.12581898272037506,0.3231624960899353,0.350905179977417,0.5271293520927429,0.6386169791221619,0.6649737022817135,0.7892314195632935,0.8740602135658264,0.26915156841278076,0.48104244470596313,0.8999518156051636,0.6150045394897461,0.8173896670341492,0.42742252349853516,0.2409236878156662,more_decoder_channels_20251130_220352
1289,0.14954979717731476,0.3372601568698883,0.3651933968067169,0.5287424921989441,0.6795002222061157,0.6487788092344999,0.7670098543167114,0.8654943108558655,0.28966906666755676,0.4614366590976715,0.8985626101493835,0.6096155047416687,0.8344510793685913,0.42139238119125366,0.19451750814914703,more_decoder_channels_20251130_220352
1612,0.2500760555267334,0.3564153015613556,0.3878994286060333,0.5564050674438477,0.7006336450576782,0.6265012184157968,0.8066917061805725,0.864094078540802,0.307293564081192,0.4039641320705414,0.9005160331726074,0.6215192079544067,0.8167204856872559,0.5667610168457031,0.25068071484565735,more_decoder_channels_20251130_220352
1935,0.5595255494117737,0.3627179265022278,0.39120692014694214,0.591223418712616,0.692314863204956,0.6168015841394663,0.7978236675262451,0.8703579306602478,0.3134617805480957,0.4765383005142212,0.9125351905822754,0.7015423774719238,0.8370694518089294,0.5270728468894958,0.2437373548746109,more_decoder_channels_20251130_220352
2258,0.582577109336853,0.3848365843296051,0.4271102845668793,0.6107796430587769,0.7317582368850708,0.6116450093686581,0.8203524947166443,0.8758162260055542,0.3430951237678528,0.5365182757377625,0.9119454622268677,0.693655788898468,0.8495827317237854,0.5411201119422913,0.2417665421962738,more_decoder_channels_20251130_220352
2581,0.5834020972251892,0.37673038244247437,0.4226267635822296,0.6102995872497559,0.720008373260498,0.6231768014840782,0.7980731725692749,0.8720307350158691,0.36125651001930237,0.5378158688545227,0.918813169002533,0.727629542350769,0.8594740033149719,0.5035365223884583,0.25249701738357544,more_decoder_channels_20251130_220352
2904,0.4692886173725128,0.41006919741630554,0.43998897075653076,0.6118961572647095,0.7278461456298828,0.5993017889559269,0.8050517439842224,0.8752118349075317,0.3505140244960785,0.5479913353919983,0.9199780821800232,0.7489962577819824,0.8520810604095459,0.4744604229927063,0.3331717848777771,more_decoder_channels_20251130_220352
3227,0.6142001748085022,0.3775525689125061,0.453000545501709,0.6188542246818542,0.730307936668396,0.60866459319368,0.8053913116455078,0.8755640387535095,0.3525850772857666,0.5688385963439941,0.9178398847579956,0.7431164979934692,0.8683345317840576,0.4523298442363739,0.2860434353351593,more_decoder_channels_20251130_220352
3550,0.5360492467880249,0.4592391550540924,0.4160825312137604,0.6288750171661377,0.7418453097343445,0.5892483843490481,0.8181968331336975,0.8719955682754517,0.375204473733902,0.5594766736030579,0.9256037473678589,0.7232382893562317,0.8626749515533447,0.5265377759933472,0.3592304587364197,more_decoder_channels_20251130_220352
3873,0.564443826675415,0.4561733901500702,0.4544939398765564,0.6254237294197083,0.7029244899749756,0.5959309535101056,0.8251556158065796,0.8780476450920105,0.38293638825416565,0.586754322052002,0.9159526228904724,0.6813290119171143,0.8671110272407532,0.49656084179878235,0.31862545013427734,more_decoder_channels_20251130_220352
4196,0.598408579826355,0.5032297372817993,0.47034502029418945,0.6383901834487915,0.7412298917770386,0.583438974339515,0.8078629970550537,0.8744229078292847,0.41569387912750244,0.5438166856765747,0.9289992451667786,0.7179775834083557,0.8588277101516724,0.48228931427001953,0.3559684157371521,more_decoder_channels_20251130_220352
4519,0.5173074007034302,0.43687811493873596,0.48903512954711914,0.6355958580970764,0.7503581047058105,0.5882739461958408,0.813045859336853,0.8771817684173584,0.41593050956726074,0.6172303557395935,0.9246410131454468,0.7247467637062073,0.8696610331535339,0.4841209352016449,0.3426092863082886,more_decoder_channels_20251130_220352
4842,0.6415732502937317,0.45103582739830017,0.4925687909126282,0.6440208554267883,0.7566956877708435,0.5887677781283855,0.8050259351730347,0.8762179017066956,0.4028245508670807,0.6482945680618286,0.9342444539070129,0.7064043283462524,0.8734595775604248,0.44961488246917725,0.3343098759651184,more_decoder_channels_20251130_220352
5165,0.5769869089126587,0.49941757321357727,0.46124354004859924,0.6499947309494019,0.7377411723136902,0.5812864135950804,0.812677264213562,0.8795325756072998,0.4351234436035156,0.6394585371017456,0.9342620968818665,0.7367724776268005,0.879438042640686,0.509600818157196,0.34767651557922363,more_decoder_channels_20251130_220352
5488,0.5157496333122253,0.5200445652008057,0.5046711564064026,0.6347172260284424,0.7584788203239441,0.5789519087411463,0.7936307191848755,0.8775613307952881,0.4046035408973694,0.6221919059753418,0.9344711899757385,0.7278017997741699,0.8795706629753113,0.41339030861854553,0.29915833473205566,more_decoder_channels_20251130_220352
5811,0.5910719633102417,0.5352979302406311,0.4864051043987274,0.6503965258598328,0.719070315361023,0.584664748981595,0.8288382291793823,0.8783115744590759,0.37926799058914185,0.644530713558197,0.9293923377990723,0.7392483949661255,0.8777507543563843,0.48142197728157043,0.36454737186431885,more_decoder_channels_20251130_220352
6134,0.559886634349823,0.5601029992103577,0.4825924038887024,0.6490583419799805,0.7584285140037537,0.5864037927240133,0.8191246390342712,0.8748596906661987,0.4307072162628174,0.6163707375526428,0.9374386668205261,0.7634928226470947,0.8798393607139587,0.4297076463699341,0.3252068758010864,more_decoder_channels_20251130_220352
6457,0.5861226916313171,0.553842306137085,0.5247833728790283,0.6628570556640625,0.7464566230773926,0.5830621914938092,0.8089045286178589,0.8765250444412231,0.443001925945282,0.6682156324386597,0.9348059892654419,0.7421011924743652,0.8765605092048645,0.4754369556903839,0.38038432598114014,more_decoder_channels_20251130_220352
6780,0.5706678032875061,0.4905011057853699,0.5234532952308655,0.649154543876648,0.7582001090049744,0.5772713790647686,0.7972784638404846,0.8794134259223938,0.4354485273361206,0.679656982421875,0.9383307099342346,0.7459134459495544,0.8816624283790588,0.4112805128097534,0.32720157504081726,more_decoder_channels_20251130_220352
7103,0.6114934682846069,0.4378202557563782,0.5094072222709656,0.6452503204345703,0.7426286935806274,0.5795250139199197,0.8119602799415588,0.8820828199386597,0.4553280174732208,0.6414245367050171,0.9315316677093506,0.7288717031478882,0.8801997303962708,0.4659644663333893,0.289541095495224,more_decoder_channels_20251130_220352
7426,0.6252836585044861,0.48777592182159424,0.527372419834137,0.6576040983200073,0.7701617479324341,0.5730757666751742,0.8021184206008911,0.8754867911338806,0.4700736403465271,0.67829829454422,0.9360069036483765,0.7264559268951416,0.8774445056915283,0.44400283694267273,0.3283712863922119,more_decoder_channels_20251130_220352
7749,0.6517115235328674,0.5521829128265381,0.514264702796936,0.6690313816070557,0.7534239888191223,0.5672334423288703,0.8203786015510559,0.880736768245697,0.4558105766773224,0.6761460900306702,0.9340254068374634,0.7611892819404602,0.8772035241127014,0.4948764145374298,0.32545778155326843,more_decoder_channels_20251130_220352
8072,0.568998396396637,0.6196861863136292,0.5243564248085022,0.6778368353843689,0.778475284576416,0.5488277287222445,0.8277220726013184,0.8778817653656006,0.4624236226081848,0.6739464402198792,0.9416847825050354,0.7882326245307922,0.8674628734588623,0.48692941665649414,0.39407896995544434,more_decoder_channels_20251130_220352
8395,0.6029502153396606,0.5592953562736511,0.5197769999504089,0.666400134563446,0.7697284817695618,0.5523977614939213,0.8138605356216431,0.877021849155426,0.4553763270378113,0.6993337869644165,0.9395825862884521,0.7416964769363403,0.8764703273773193,0.44740918278694153,0.3606993854045868,more_decoder_channels_20251130_220352
8718,0.6405553817749023,0.5003581047058105,0.5310477614402771,0.6499342918395996,0.7621539831161499,0.5905405171215534,0.8119214177131653,0.8764945864677429,0.436663419008255,0.6748268604278564,0.9308304190635681,0.730783998966217,0.8762128949165344,0.3606235086917877,0.3166729509830475,more_decoder_channels_20251130_220352
9041,0.623599112033844,0.6031202673912048,0.5349225997924805,0.6528275012969971,0.754184901714325,0.5763294254429638,0.8052372932434082,0.8802145719528198,0.39023053646087646,0.6523774266242981,0.9340665340423584,0.7400569915771484,0.8758019804954529,0.4202737510204315,0.2726714313030243,more_decoder_channels_20251130_220352
9364,0.4403083622455597,0.5097845196723938,0.5167858600616455,0.6480547189712524,0.7660186886787415,0.5599943203851581,0.8070318102836609,0.8740687966346741,0.4918665289878845,0.6079363226890564,0.931113064289093,0.7962864637374878,0.8800684809684753,0.4670577645301819,0.336384654045105,more_decoder_channels_20251130_220352
9687,0.6580169796943665,0.5172038674354553,0.5245867371559143,0.6686556339263916,0.7631285786628723,0.5733305891044438,0.8123418688774109,0.8763065338134766,0.4399987459182739,0.6757269501686096,0.9344096183776855,0.747700572013855,0.8784058690071106,0.5053295493125916,0.35936686396598816,more_decoder_channels_20251130_220352
10010,0.649884045124054,0.4117259979248047,0.539915919303894,0.6616770625114441,0.7827476859092712,0.5703173335641623,0.8223373889923096,0.8786649703979492,0.46186894178390503,0.6716423630714417,0.9290508031845093,0.7584066987037659,0.8738412261009216,0.45027443766593933,0.3714410662651062,more_decoder_channels_20251130_220352
10333,0.6041856408119202,0.4900035858154297,0.5332006216049194,0.6605318188667297,0.7836323380470276,0.5878215632401407,0.8150705695152283,0.8736400008201599,0.48055610060691833,0.6959524750709534,0.9314896464347839,0.7780137062072754,0.8784476518630981,0.41073542833328247,0.31198522448539734,more_decoder_channels_20251130_220352
10656,0.5983947515487671,0.3632180392742157,0.5370969772338867,0.6544002890586853,0.7699954509735107,0.5851422268897295,0.8179183006286621,0.8770323395729065,0.47479525208473206,0.6667181253433228,0.9282824993133545,0.744698703289032,0.8790990114212036,0.44664517045021057,0.4033084809780121,more_decoder_channels_20251130_220352
10979,0.3548358976840973,0.40351879596710205,0.5379347205162048,0.6348352432250977,0.774734377861023,0.6185101573355496,0.796488881111145,0.8660041689872742,0.47462135553359985,0.6551839113235474,0.9310219883918762,0.7321206331253052,0.8778985142707825,0.4756384789943695,0.37285590171813965,more_decoder_channels_20251130_220352
11302,0.5462185144424438,0.3649922013282776,0.5332781076431274,0.646587073802948,0.7612278461456299,0.6026839916594326,0.8053697347640991,0.8741211295127869,0.4625929892063141,0.633013904094696,0.932831883430481,0.7440934777259827,0.878599226474762,0.5024563670158386,0.3668372333049774,more_decoder_channels_20251130_220352
